precision,recall,f1-score,support,Model
0.8961038961038961,0.7976878612716763,0.8440366972477065,173.0,Logistic Regression
0.8167539267015707,0.9069767441860465,0.859504132231405,172.0,Logistic Regression
0.8521739130434782,0.8521739130434782,0.8521739130434782,0.8521739130434782,Logistic Regression
0.8564289114027334,0.8523323027288614,0.8517704147395557,345.0,Logistic Regression
0.8565439113583889,0.8521739130434782,0.8517479981671155,345.0,Logistic Regression
1.0,1.0,1.0,173.0,Decision Tree
1.0,1.0,1.0,172.0,Decision Tree
1.0,1.0,1.0,1.0,Decision Tree
1.0,1.0,1.0,345.0,Decision Tree
1.0,1.0,1.0,345.0,Decision Tree
1.0,0.9421965317919075,0.9702380952380952,173.0,SVM
0.945054945054945,1.0,0.9717514124293786,172.0,SVM
0.9710144927536232,0.9710144927536232,0.9710144927536232,0.9710144927536232,SVM
0.9725274725274725,0.9710982658959537,0.9709947538337369,345.0,SVM
0.9726071030418856,0.9710144927536232,0.9709925606204163,345.0,SVM
1.0,1.0,1.0,173.0,Random Forest
1.0,1.0,1.0,172.0,Random Forest
1.0,1.0,1.0,1.0,Random Forest
1.0,1.0,1.0,345.0,Random Forest
1.0,1.0,1.0,345.0,Random Forest
