Experiment,Fold,Model,Accuracy,Precision,Recall,F1-score,ROC-AUC
Semantic Group Split,1,Logistic Regression,0.5704387990762124,0.6619718309859155,0.5529411764705883,0.6025641025641025,0.5114562679004186
Semantic Group Split,1,Decision Tree,0.789838337182448,0.8565217391304348,0.7725490196078432,0.8123711340206186,0.7935778805904384
Semantic Group Split,1,SVM,0.648960739030023,0.764102564102564,0.5843137254901961,0.6622222222222223,0.7075787618418155
Semantic Group Split,1,Random Forest,0.4896073903002309,0.6808510638297872,0.25098039215686274,0.3667621776504298,0.5917713152676801
Semantic Group Split,2,Logistic Regression,0.5863013698630137,0.5705521472392638,0.5344827586206896,0.5519287833827893,0.44779442739363295
Semantic Group Split,2,Decision Tree,0.6027397260273972,0.7230769230769231,0.27011494252873564,0.39330543933054396,0.5879370524162003
Semantic Group Split,2,SVM,0.6082191780821918,0.6,0.5344827586206896,0.5653495440729484,0.45928868026719616
Semantic Group Split,2,Random Forest,0.6520547945205479,1.0,0.27011494252873564,0.4253393665158371,0.8630017452006981
Semantic Group Split,3,Logistic Regression,0.6750902527075813,0.8333333333333334,0.5,0.625,0.7220734908136484
Semantic Group Split,3,Decision Tree,0.4602888086642599,0.5384615384615384,0.023333333333333334,0.04472843450479233,0.4998556430446195
Semantic Group Split,3,SVM,0.8772563176895307,0.9715447154471545,0.7966666666666666,0.8754578754578755,0.8061023622047244
Semantic Group Split,3,Random Forest,0.48014440433212996,1.0,0.04,0.07692307692307693,0.727742782152231
Semantic Group Split,4,Logistic Regression,0.7245508982035929,0.8251748251748252,0.6378378378378379,0.7195121951219512,0.7646653364774171
Semantic Group Split,4,Decision Tree,0.9401197604790419,0.9940119760479041,0.8972972972972973,0.9431818181818182,0.9452929439506621
Semantic Group Split,4,SVM,0.8922155688622755,0.9027027027027027,0.9027027027027027,0.9027027027027027,0.8786867404317069
Semantic Group Split,4,Random Forest,0.5718562874251497,0.9772727272727273,0.23243243243243245,0.37554585152838427,0.9330672954834028
Semantic Group Split,5,Logistic Regression,0.636094674556213,0.5806451612903226,0.6081081081081081,0.594059405940594,0.6405761024182077
Semantic Group Split,5,Decision Tree,0.7692307692307693,0.8181818181818182,0.6081081081081081,0.6976744186046512,0.7514224751066856
Semantic Group Split,5,SVM,0.6568047337278107,0.6081081081081081,0.6081081081081081,0.6081081081081081,0.5889758179231863
Semantic Group Split,5,Random Forest,0.8047337278106509,0.9183673469387755,0.6081081081081081,0.7317073170731707,0.6053165007112375
