manipulation_type,attribute,unique_attribute_values,total_records
accreditation_swap,institution,2,288
cross_institution_program,institution,2,287
education_level_swap,institution,2,287
none,institution,2,862
accreditation_swap,program,14,288
cross_institution_program,program,13,287
education_level_swap,program,14,287
none,program,14,862
accreditation_swap,education_level,4,288
cross_institution_program,education_level,4,287
education_level_swap,education_level,4,287
none,education_level,4,862
accreditation_swap,accreditation_status,3,288
cross_institution_program,accreditation_status,3,287
education_level_swap,accreditation_status,3,287
none,accreditation_status,3,862
accreditation_swap,gpa,189,288
cross_institution_program,gpa,182,287
education_level_swap,gpa,191,287
none,gpa,391,862
accreditation_swap,graduation_predicate,4,288
cross_institution_program,graduation_predicate,3,287
education_level_swap,graduation_predicate,4,287
none,graduation_predicate,4,862
accreditation_swap,graduation_date,3,288
cross_institution_program,graduation_date,3,287
education_level_swap,graduation_date,3,287
none,graduation_date,3,862
accreditation_swap,faculty_program_name,14,288
cross_institution_program,faculty_program_name,14,287
education_level_swap,faculty_program_name,14,287
none,faculty_program_name,14,862
